﻿Document,Variable name,Description,Corresponding question in commitment registration form,Nature of variable
download_orgs,userId,Auto-generated user identification number created when stakeholder registers with the NAF,Auto-generated at user registration,Numeric
download_orgs,organisation,Organisation name,User registration form,Text
download_orgs,country,Country where organisation is based,User registration form,Text
download_orgs,city,City where organisation is based,User registration form,Text
download_orgs,website,Website of organisation,User registration form,Text
download_orgs,organisationtype,Self-selected organisation type,User registration form,Text
download_orgs,org_type,Recategorised organisation type (Level 1),Recategorisation of organisation type by GNR team (Level 1),Text
download_orgs,org_type2,Recategorised organisation type (Level 2),Recategorisation of organisation type by GNR team (Level 2),Text
download_commit,userId,Auto-generated user identification number created when stakeholder registers with the NAF,Auto-generated at user registration,Numeric
download_commit,id2,Auto-generated commitment identification number created when a commitment is registered with the NAF,Auto-generated at commitment registration,Text
download_commit,date_time,Auto-generated date and time of commitment registration,Auto-generated at commitment registration,Date/Time
download_commit,approval_status,"The progress this commitment has made through the verification process. Options are: ""pending"", ""partially verified"", ""verified"" or ""unverified"". For more information, please see https://globalnutritionreport.org/resources/naf/about/naf-commitments-verified/",Status determined by GNR team,Text
download_commit,title,Title of commitment,Q1. Please provide a brief title for this commitment,Text
download_commit,fullcommitment,Full description of commitment,Q2. Please provide the full formulation of your commitment. You may provide all details relevant to your commitment.,Text
download_commit,joint,Are other stakeholders involved in this commitment (yes/no),"Q5. Is this commitment made by multiple stakeholders (that is, a joint commitment)?",Binary
download_commit,n_add_org,Number of additional organisations involved in this commitment,Q5a. How many additional organisations are involved in making this commitment?,Numeric
download_commit,type_add_org1,Type of first additional organisation involved in this commitment ,Q5b. Please provide the stakeholder type and name of each additional organisation (you may list up to five additional organisations).,Text
download_commit,name_add_org1,Name of first additional organisation involved in this commitment ,Q5b. Please provide the stakeholder type and name of each additional organisation (you may list up to five additional organisations).,Text
download_commit,type_add_org2,Type of second additional organisation involved in this commitment ,Q5b. Please provide the stakeholder type and name of each additional organisation (you may list up to five additional organisations).,Text
download_commit,name_add_org2,Name of second additional organisation involved in this commitment ,Q5b. Please provide the stakeholder type and name of each additional organisation (you may list up to five additional organisations).,Text
download_commit,type_add_org3,Type of third additional organisation involved in this commitment ,Q5b. Please provide the stakeholder type and name of each additional organisation (you may list up to five additional organisations).,Text
download_commit,name_add_org3,Name of third additional organisation involved in this commitment ,Q5b. Please provide the stakeholder type and name of each additional organisation (you may list up to five additional organisations).,Text
download_commit,type_add_org4,Type of fourth additional organisation involved in this commitment ,Q5b. Please provide the stakeholder type and name of each additional organisation (you may list up to five additional organisations).,Text
download_commit,name_add_org4,Name of fourth additional organisation involved in this commitment ,Q5b. Please provide the stakeholder type and name of each additional organisation (you may list up to five additional organisations).,Text
download_commit,type_add_org5,Type of fifth additional organisation involved in this commitment ,Q5b. Please provide the stakeholder type and name of each additional organisation (you may list up to five additional organisations).,Text
download_commit,name_add_org5,Name of fifth additional organisation involved in this commitment ,Q5b. Please provide the stakeholder type and name of each additional organisation (you may list up to five additional organisations).,Text
download_commit,qual_criteria,"If self-selected as an N4G commitment, stakeholders agreed that their commitment meets all the additional criteria below to qualify as an N4G commitment",Q8. Please confirm that your commitment meets all the additional criteria below to qualify as an N4G commitment,Text
download_commit,totalcosts,"The extent to which total costs have been estimated, and whether total costs can be publically shared",Q10. Have you estimated the total costs associated with the delivery of this commitment,Text
download_commit,cost_curr,The currency which the total costs have been estimated in,"Q10a. Please specify the estimated total costs in local currency. We understand that this may be a rough estimate for now, which may change at the progress reporting stage",Text
download_commit,cost_amount,The estimated total cost value,"Q10a. Please specify the estimated total costs in local currency. We understand that this may be a rough estimate for now, which may change at the progress reporting stage",Numeric
download_commit,usd_equiv,"USD equivalent of the total cost value, calculated using annual exchange rates provided by World Bank","Q10a. Please specify the estimated total costs in local currency. We understand that this may be a rough estimate for now, which may change at the progress reporting stage",Numeric
download_commit,funder,The organisation(s) funding this commitment,"Q11. Please list the funder(s) and the funding mechanism to cover total costs, further specifying if these financial resources have been secured",Text
download_commit,fund_mech,The funding mechanism of this commitment,"Q11. Please list the funder(s) and the funding mechanism to cover total costs, further specifying if these financial resources have been secured",Text
download_commit,secured_amount,The estimated amount of the total costs secured at point of registration,"Q11. Please list the funder(s) and the funding mechanism to cover total costs, further specifying if these financial resources have been secured",Text
download_commit,anaemia,"Selection of global nutrition target ""Reduce prevalence of anaemia among women of reproductive age""",Q3. Please specify the global nutrition target(s) this commitment aligns with (select all that apply),Binary
download_commit,low birthweight,"Selection of global nutrition target ""Reduce prevalence of low birthweight""",Q3. Please specify the global nutrition target(s) this commitment aligns with (select all that apply),Binary
download_commit,breastfeeding,"Selection of global nutrition target ""Increase prevalence of exclusive breastfeeding in the first 6 months""",Q3. Please specify the global nutrition target(s) this commitment aligns with (select all that apply),Binary
download_commit,stunting,"Selection of global nutrition target ""Reduce prevalence of stunting in children under 5 years of age""",Q3. Please specify the global nutrition target(s) this commitment aligns with (select all that apply),Binary
download_commit,wasting,"Selection of global nutrition target ""Reduce prevalence of wasting in children under 5 years of age""",Q3. Please specify the global nutrition target(s) this commitment aligns with (select all that apply),Binary
download_commit,overweight,"Selection of global nutrition target ""Reduce prevalence of overweight in children under 5 years of age""",Q3. Please specify the global nutrition target(s) this commitment aligns with (select all that apply),Binary
download_commit,obesity,"Selection of global nutrition target ""Halt the rise in prevalence of adult obesity""",Q3. Please specify the global nutrition target(s) this commitment aligns with (select all that apply),Binary
download_commit,diabetes,"Selection of global nutrition target ""Halt the rise in prevalence of adult diabetes""",Q3. Please specify the global nutrition target(s) this commitment aligns with (select all that apply),Binary
download_commit,bp,"Selection of global nutrition target ""Reduce the prevalence of raised blood pressure""",Q3. Please specify the global nutrition target(s) this commitment aligns with (select all that apply),Binary
download_commit,salt,"Selection of global nutrition target ""Reduce the mean population intake of salt""",Q3. Please specify the global nutrition target(s) this commitment aligns with (select all that apply),Binary
download_commit,no goal,Selection of no global nutrition targets,Q3. Please specify the global nutrition target(s) this commitment aligns with (select all that apply),Binary
download_commit,Tokyo,The commitment is linked to the 2021 Tokyo N4G Summit,Q7. Please specify whether your commitment is linked to a key event (select all that apply):,Binary
download_commit,Food summit,The commitment is linked to the 2021 UN Food Systems Summit,Q7. Please specify whether your commitment is linked to a key event (select all that apply):,Binary
download_commit,COP26,The commitment is linked to the 2021 UN Climate Change Conference (COP26),Q7. Please specify whether your commitment is linked to a key event (select all that apply):,Binary
download_commit,other event,The commitment is linked to another event (see otherevent_specify),Q7. Please specify whether your commitment is linked to a key event (select all that apply):,Binary
download_commit,no event,The commitment is not linked to any event,Q7. Please specify whether your commitment is linked to a key event (select all that apply):,Binary
download_commit,otherevent_specify,The commitment is linked to the specified event,Q7. Please specify whether your commitment is linked to a key event (select all that apply):,Text
download_commit,food,"If the commitment is linked to the 2021 Tokyo N4G Summit, the thematic area of ""Food"" has been chosen",Q9. Please choose the thematic area of your commitment (select all that apply):,Binary
download_commit,health,"If the commitment is linked to the 2021 Tokyo N4G Summit, the thematic area of ""Health"" has been chosen",Q9. Please choose the thematic area of your commitment (select all that apply):,Binary
download_commit,resilience,"If the commitment is linked to the 2021 Tokyo N4G Summit, the thematic area of ""Resilience"" has been chosen",Q9. Please choose the thematic area of your commitment (select all that apply):,Binary
download_commit,data,"If the commitment is linked to the 2021 Tokyo N4G Summit, the thematic area of ""Data"" has been chosen",Q9. Please choose the thematic area of your commitment (select all that apply):,Binary
download_commit,financing,"If the commitment is linked to the 2021 Tokyo N4G Summit, the thematic area of ""Financing"" has been chosen",Q9. Please choose the thematic area of your commitment (select all that apply):,Binary
download_commit,no theme,No N4G thematic area has been chosen,Q9. Please choose the thematic area of your commitment (select all that apply):,Binary
download_commit,language,The language which the commitment has been submitted in,Automatically identified,Text
download_commit,title_original_language,"The original language submission of the variable ""title""",Q1. Please provide a brief title for this commitment,Text
download_commit,fullcommitment_original_language,"The original language submission of the variable ""fullcommitment""",Q2. Please provide the full formulation of your commitment. You may provide all details relevant to your commitment.,Text
download_commit,funder_original_language,"The original language submission of the variable ""funder""","Q11. Please list the funder(s) and the funding mechanism to cover total costs, further specifying if these financial resources have been secured",Text
download_commit,fund_mech_original_language,"The original language submission of the variable ""fund_mech""","Q11. Please list the funder(s) and the funding mechanism to cover total costs, further specifying if these financial resources have been secured",Text
download_commit,secured_amount_original_language,"The original language submission of the variable ""secured_amount""","Q11. Please list the funder(s) and the funding mechanism to cover total costs, further specifying if these financial resources have been secured",Text
download_commit,n_goals,The number of measurable goals involved in this commitment,Q12. Your commitment may have one or multiple measurable goals. A measurable goal is what you are committing to achieve and will be used to track and assess progress made towards the commitment. Please specify how many measurable goal(s) this commitment has.,Numeric
download_goal,goal_id,The goal number of the corresponding commitment,Auto-generated at commitment registration,Numeric
download_goal,id2,Auto-generated commitment identification number created when a commitment is registered with the NAF,Auto-generated at commitment registration,Text
download_goal,userId,Auto-generated user identification number created when stakeholder registers with the NAF,Auto-generated at user registration,Numeric
download_goal,goal,The description of this goal,"Q13. Please specify each of the measurable goal(s) of this commitment. In the questions that follow, we will ask you to provide additional details for each of the goals separately",Text
download_goal,goal_approval_status,"The progress this commitment goal has made through the verification process. Options are: ""pending"", ""partially verified"", ""verified"" or ""unverified"". For more information, please see https://globalnutritionreport.org/resources/naf/about/naf-commitments-verified/",Status determined by GNR team,Text
download_goal,type,The goal type selected by the commitment maker,G1.1. Please choose the type that best describes this commitment goal,Text
download_goal,actionplan,The action plan to achieve this commitment goal,G1.2. Please describe as clearly as possible the action plan you will follow to achieve this commitment goal (max 400 words),Text
download_goal,reportmech,Will progress towards this goal be reported to other tracking or accountability mechanisms? Yes/No,G1.3. Please specify if you are expected to report on the progress of this commitment goal to an additional – other than the GNR – tracking/accountability mechanism:,Text
download_goal,reportmech_name,The details of other tracking or accountability mechanisms,G1.3. Please specify if you are expected to report on the progress of this commitment goal to an additional – other than the GNR – tracking/accountability mechanism:,Text
download_goal,geoarea,The target geographical area of this commitment goal,G1.4. Please specify the geographic area that is covered by this commitment goal.,Text
download_goal,geoadditional,Additional information regarding the target geographical area of this commitment goal,"G1.5. Additional specifications about the geographic coverage of this commitment goal, for example names of geographic areas covered or if focused on geographic areas with a given characteristic (such as high prevalence of a given form of malnutrition, or low income).",Text
download_goal,action_area,"Standardised target country for this commitment goal. Note: if a commitment maker selected Multi-country or Global in GX.4, this will appear as unknown",G1.4. Please specify the geographic area that is covered by this commitment goal.,Text
download_goal,action_region,"Standardised target geographical region for this commitment goal. Note: if a commitment maker selected Multi-country or Global in GX.4, this will appear as unknown",G1.4. Please specify the geographic area that is covered by this commitment goal.,Text
download_goal,action_sub_region,"Standardised target geographical sub-region for this commitment goal. Note: if a commitment maker selected Multi-country or Global in GX.4, this will appear as unknown",G1.4. Please specify the geographic area that is covered by this commitment goal.,Text
download_goal,pop,The target population for this commitment goal,G1.6. Please specify the targeted population of this commitment goal,Text
download_goal,popsex,"If specific population is chosen, the sex of the targeted population",G1.6a. Sex,Text
download_goal,popage,"If specific population is chosen, the age of the targeted population",G1.6b. Age range,Text
download_goal,pop_specificage,Additional information regarding the age of the targeted population,G1.6b. Age range,Text
download_goal,popsize,The population coverage expressed in absolute numbers,"G1.6c. Population coverage – individuals targeted in absolute numbers and/or expressed as a percentage (%) of the overall population (e.g., 1 million individuals, which corresponds to 5% of the overall country population).",Text
download_goal,popperc,The population coverage expressed as a percentage of the overall population,"G1.6c. Population coverage – individuals targeted in absolute numbers and/or expressed as a percentage (%) of the overall population (e.g., 1 million individuals, which corresponds to 5% of the overall country population).",Text
download_goal,popapproach,Does the approach to reach the targeted population vary by any characteristics? Yes/No,"G1.6d. Please specify whether the approach you will adopt to reach the population of interest varies by key population characteristics, for example by age, gender, income, location, ethnicity, education or disability",Text
download_goal,popapproach_det,Additional information regarding population approach,"G1.6d. Please specify whether the approach you will adopt to reach the population of interest varies by key population characteristics, for example by age, gender, income, location, ethnicity, education or disability",Text
download_goal,start_date,"The start date of the commitment, using the first day of the selected month. ",G1.7. Please specify the start date and end date for achieving this commitment goa,Date
download_goal,end_date,The end date of the commitment using the last day of the selected month,G1.7. Please specify the start date and end date for achieving this commitment goa,Date
download_goal,ind_nameunit,The measurable indicator for this commitment goal,"G1.8. Please provide the following information for the primary indicator that will be used to measure this commitment goal, and to assess and report on its progress. *G1.8a. Name, including unit (if applicable)",Text
download_goal,ind_bas,The baseline value of the measurable indicator,G1.8b. Baseline (current) level and unit,Text
download_goal,ind_bas_year,The year the baseline value was assessed,G1.8c. Year baseline level was assessed,Year
download_goal,ind_target,The target value of the measurable indicator,G1.8d. Level to be achieved by end date,Text
download_goal,ind_interim,Interim milestones to be achieved in the duration of the commitment ,G1.8e. Interim milestone(s) to be achieved within the commitment period. Please specify interim level and date to be achieved,Text
download_goal,ind_monitor,How progress towards the commitment goal will be monitored and evaluated by the stakeholder,"G1.8f. Monitoring and evaluation plan of indicator, including frequency",Text
download_goal,ind_name_s,Standardised indicator group - see https://globalnutritionreport.org/resources/naf/about/commitment-data-cleaning-standardisation/ for more details,Standardised value,Text
download_goal,disburse,"If financial commitment goal, is it a commitment or disbursement","G1.9. (To be completed only for financial commitments) Is it a financial disbursement (that is, actual expenditure) or a financial commitment (that is, legal decision to fund)?",Text
download_goal,covid,Has this goal been developed to address nutrition impacts related to Covid-19,G1.10. Please let us know if this commitment goal was developed to address nutrition impacts related to Covid-19.,Text
download_goal,Nutrition action category,The allocated category in level 1 of the NAF Nutrition Action Classification System,Standardised value using Nutrition Action Classification System,Text
download_goal,Nutrition action sub-category,The allocated category in level 2 of the NAF Nutrition Action Classification System,Standardised value using Nutrition Action Classification System,Text
download_goal,income,World Bank income rating for target country,Standardised value,Text
download_goal,income_st,World Bank income rating for stakeholder's country of origin,Standardised value,Text
download_goal,overall,Overall SMART score for this commitment goal,Standardised value using Nutrition Action SMARTness Index,Numeric
download_goal,trackable,"As per the Nutrition Action SMARTness Index, is this commitment goal trackable?",Standardised value using Nutrition Action SMARTness Index,Text
download_goal,revisions,"As per the Nutrition Action SMARTness Index, what are the extent of revisions required for this commitment goal?",Standardised value using Nutrition Action SMARTness Index,Text
download_goal,rank,The Nutrition Action SMARTness Index ranking given to this commitment goal,Standardised value using Nutrition Action SMARTness Index,Text
download_goal,funder_s,Standardised funding group value - see https://globalnutritionreport.org/resources/naf/about/commitment-data-cleaning-standardisation/ for more details,"Q11. Please list the funder(s) and the funding mechanism to cover total costs, further specifying if these financial resources have been secured",Text
download_goal,fund_mech_s,Standardised funding mechanism group - see https://globalnutritionreport.org/resources/naf/about/commitment-data-cleaning-standardisation/ for more details,"Q11. Please list the funder(s) and the funding mechanism to cover total costs, further specifying if these financial resources have been secured",Text
download_goal,secured_amount_s,Standardised secured amount group - see https://globalnutritionreport.org/resources/naf/about/commitment-data-cleaning-standardisation/ for more details,"Q11. Please list the funder(s) and the funding mechanism to cover total costs, further specifying if these financial resources have been secured",Text
download_goal,goal_original_language,"The original language submission of the variable ""goal""","Q13. Please specify each of the measurable goal(s) of this commitment. In the questions that follow, we will ask you to provide additional details for each of the goals separately",Text
download_goal,actionplan_original_language,"The original language submission of the variable ""action plan""",G1.2. Please describe as clearly as possible the action plan you will follow to achieve this commitment goal (max 400 words),Text
download_goal,reportmech_name_original_language,"The original language submission of the variable ""reportmech_name""",G1.3. Please specify if you are expected to report on the progress of this commitment goal to an additional – other than the GNR – tracking/accountability mechanism:,Text
download_goal,geoadditional_original_language,"The original language submission of the variable ""geoadditional""","G1.5. Additional specifications about the geographic coverage of this commitment goal, for example names of geographic areas covered or if focused on geographic areas with a given characteristic (such as high prevalence of a given form of malnutrition, or low income).",Text
download_goal,pop_specificage_original_language,"The original language submission of the variable ""pop_specificage""",G1.6b. Age range,Text
download_goal,popapproach_det_original_language,"The original language submission of the variable ""popapproach_det""","G1.6d. Please specify whether the approach you will adopt to reach the population of interest varies by key population characteristics, for example by age, gender, income, location, ethnicity, education or disability",Text
download_goal,ind_nameunit_original_language,"The original language submission of the variable ""ind_nameunit""","G1.8. Please provide the following information for the primary indicator that will be used to measure this commitment goal, and to assess and report on its progress. *G1.8a. Name, including unit (if applicable)",Text
download_goal,ind_bas_original_language,"The original language submission of the variable ""ind_bas""",G1.8b. Baseline (current) level and unit,Text
download_goal,ind_target_original_language,"The original language submission of the variable ""ind_target""",G1.8d. Level to be achieved by end date,Text
download_goal,ind_interim_original_language,"The original language submission of the variable ""ind_interim""",G1.8e. Interim milestone(s) to be achieved within the commitment period. Please specify interim level and date to be achieved,Text
download_goal,ind_monitor_original_language,"The original language submission of the variable ""ind_monitor""","G1.8f. Monitoring and evaluation plan of indicator, including frequency",Text
